Dataset,Model,N,MSE_mean,MSE_std,MSE_ci95,MAE_mean,MAE_std,MAE_ci95,PLE_mean,PLE_std,PLE_ci95,Ramp_MAE_mean,Ramp_MAE_std,Ramp_MAE_ci95,TrainingTime_s_mean,TrainingTime_s_std,TrainingTime_s_ci95,Inference_ms_per_batch_mean,Inference_ms_per_batch_std,Inference_ms_per_batch_ci95
Kaggle nat_demand,DLinear,5,8220.132140068874,118.3660564615234,103.75242300280544,65.59034151925175,1.0181907559222207,0.892483547767161,5.894062092726504,0.050089812689420754,0.043905656652280335,21.184603351509054,0.9082461816902926,0.7961128794051346,31.08197100000034,4.17204812125052,3.6569614161704473,0.4617439999128692,0.1891933448959115,0.1658352785905058
Kaggle nat_demand,LSTM,5,13716.315938682474,154.86865763793477,135.74836365652513,88.52343555118635,1.2591631761315154,1.1037051869850867,8.114061887960432,0.2580766605864972,0.22621416693919896,33.92809689690691,1.241692609840782,1.08839156044314,33.43063756000047,0.5055610235643456,0.4431437756619859,5.4613119999703486,0.40196293529933613,0.3523360475237488
Kaggle nat_demand,PGF-Net,5,8381.849277631985,395.7001321856629,346.84645855493545,68.47786744530846,2.0854199894285363,1.8279512163356473,6.424220074238538,0.20529985984834315,0.17995326141769338,28.758327473518715,2.6289027219199426,2.3043348354393096,56.05658231999987,0.7736714393488061,0.6781529168085422,11.087859999970533,0.5312501209585728,0.465661262339195
Kaggle nat_demand,PatchTST,5,10278.502034742225,854.9688259963337,749.4132181198287,75.34245079240205,3.659069925152827,3.2073162021301806,6.754301512816598,0.5025890021637578,0.4405386840441249,31.875322006263918,3.818613690018797,3.3471624779517892,112.3070633000003,1.136306237451275,0.9960163321576425,15.468827999720816,0.3662132952167786,0.3210001063686148
Kaggle nat_demand,S-Naive,5,12190.449904583758,0.0,0.0,73.13603395048666,0.0,0.0,5.995718446025631,0.0,0.0,22.17318609603366,0.0,0.0,0.0,0.0,0.0,,,
