Dataset,Model,N,MSE_mean,MSE_std,MSE_ci95,MAE_mean,MAE_std,MAE_ci95,PLE_mean,PLE_std,PLE_ci95,Ramp_MAE_mean,Ramp_MAE_std,Ramp_MAE_ci95,TrainingTime_s_mean,TrainingTime_s_std,TrainingTime_s_ci95,Inference_ms_per_batch_mean,Inference_ms_per_batch_std,Inference_ms_per_batch_ci95
UCI Household,DLinear,5,0.3673317184322837,0.0032276917042366716,0.0028291965199454547,0.4510981461999338,0.004861402585330802,0.004261207245542815,35.52209967604309,0.7099401697870995,0.6222899960038651,0.39236142687770376,0.0019358887026492712,0.0016968812645110777,1.6114533399999345,0.3209514619776973,0.28132636029234753,1.3230800000565068,1.1412000703452165,1.0003059658220228
UCI Household,LSTM,5,0.4402381287795313,0.050208940681896484,0.04401007694164627,0.5200845731018794,0.046956782045212614,0.0411594342098329,49.37986572042726,8.560291605477609,7.503426423330948,0.3782037028205723,0.003753462431133047,0.0032900548816260054,146.1534781800001,244.93422570077112,214.6943148438145,20.666031999990082,5.158106086524018,4.521279331092262
UCI Household,PGF-Net,5,0.38775755956345004,0.02529481574351168,0.02217188357248301,0.4694140474563424,0.02920776905970112,0.02560173837873387,34.56455324007699,0.8235257992772443,0.721852190016236,0.41716409389575065,0.021878093111986838,0.019176994139257213,110.13867901999993,94.600127507861,82.9206677887882,34.76505200003885,2.1605994983828407,1.8938489614101033
UCI Household,PatchTST,5,0.44293669349536835,0.04891405669326567,0.04287506108199688,0.5109592049361937,0.04013714906616647,0.03518176234411625,36.047143395534285,2.000307277610314,1.7533466350606886,0.4725955141691049,0.07041003957033597,0.061717120832866755,59.134490859999914,66.10041413581057,57.93956758463569,14.501056000081007,6.815286314475897,5.9738618462345086
UCI Household,S-Naive,5,0.5515541906864988,0.0,0.0,0.49056879365197614,6.206335383118183e-17,5.4400928206632663e-17,27.09762600531162,3.972054645195637e-15,3.4816594052244905e-15,0.49010111387428934,6.206335383118183e-17,5.4400928206632663e-17,0.0,0.0,0.0,,,
