MSE,RMSE,MAE,sMAPE,PLE,Ramp_MAE,Model,Seed,Params,TrainingTime_s,Inference_ms_per_batch,Dataset
39061.94444127532,197.6409482907713,159.30592625124686,12.764020430183573,14.267437626492704,182.71770598630948,DLinear,0,4656,1.8179658999997628,,Kaggle nat_demand
33581.801475656845,183.253380529956,145.4982490010617,11.682211984924734,12.66616742818618,133.24584175509378,DLinear,456,4656,1.9502601999993203,,Kaggle nat_demand
32450.5354360433,180.14032151643147,143.68785224460427,11.508734274259709,12.987418618201888,125.78702317607647,DLinear,789,4656,1.7718562000009117,,Kaggle nat_demand
12190.449904583758,110.41037045759676,73.13603395048666,6.010300663778303,5.995718446025631,22.17318609603366,S-Naive,456,0,0.0,,Kaggle nat_demand
12190.449904583758,110.41037045759676,73.13603395048666,6.010300663778303,5.995718446025631,22.17318609603366,S-Naive,789,0,0.0,,Kaggle nat_demand
