Dataset,Model,N,MSE_mean,MSE_std,MSE_ci95,MAE_mean,MAE_std,MAE_ci95,PLE_mean,PLE_std,PLE_ci95,Ramp_MAE_mean,Ramp_MAE_std,Ramp_MAE_ci95,TrainingTime_s_mean,TrainingTime_s_std,TrainingTime_s_ci95,Inference_ms_per_batch_mean,Inference_ms_per_batch_std,Inference_ms_per_batch_ci95
Kaggle nat_demand,DLinear,3,35031.42711765849,3536.063225548615,4001.432228078377,149.49734249897097,8.542576925202733,9.666835811184212,13.307007890960257,0.847124276268141,0.9586113607233372,147.25019030582658,30.941347660657073,35.013430985901515,1.8466940999999981,0.09260658135520496,0.10479421196135079,,,
Kaggle nat_demand,S-Naive,2,12190.449904583758,0.0,0.0,73.13603395048666,0.0,0.0,5.995718446025631,0.0,0.0,22.17318609603366,0.0,0.0,0.0,0.0,0.0,,,
