Dataset,Model,N,Params,MSE_mean,RMSE_mean,MAE_mean,sMAPE_mean,PLE_mean,Ramp_MAE_mean,TrainingTime_s_mean,Inference_ms_per_batch_mean,MSE_std,RMSE_std,MAE_std,sMAPE_std,PLE_std,Ramp_MAE_std,TrainingTime_s_std,Inference_ms_per_batch_std
Weekly Pre-dispatch,DLinear,5,4656,70181.65739072007,264.35955003379644,217.3339026338565,17.689188913431245,20.821809567837395,237.90261749613842,1.519598980000228,,10257.756651622714,19.225168941023842,19.453033200711104,1.8279937870131997,0.700421480742667,65.6433686700967,0.10941995501913598,
Weekly Pre-dispatch,LSTM,5,13720,20697.087817503074,142.30816651486458,109.58293749474576,9.042096143990278,9.917511423477368,35.537235383559725,351.0587408999997,54.05138400024043,7304.019314747394,23.59749882616408,21.281861139480096,1.7932451594088392,0.9526074395312539,6.161460160789885,201.0276243875197,59.38107929167232
Weekly Pre-dispatch,PGF-Net,5,20920,12745.289755789421,112.72329931986071,87.39157962105902,7.25676916068303,8.891421710842225,32.30187410204641,337.38905489999996,32.75339199984046,1578.8397501634201,6.95948509540331,5.451137566627864,0.3899989041002093,0.8450035348896022,2.7567187828735227,29.777769144561105,11.602372202466423
Weekly Pre-dispatch,PatchTST,5,632216,21068.415248194917,143.111119987113,116.02202605618902,9.616962452125993,9.66668303597718,42.250859844334585,237.30062330000038,35.83919799979412,8462.677221553879,27.102181282810776,23.25969192294055,1.9340305882731916,1.246887796416868,12.67393614777871,124.70413236594729,15.151909963934234
Weekly Pre-dispatch,S-Naive,5,0,11316.763648955686,106.3802784775246,65.21548193621224,5.38688517491924,5.462808949586294,15.377573169384823,0.0,,0.0,0.0,0.0,0.0,0.0,0.0,0.0,
