MSE,RMSE,MAE,sMAPE,PLE,Ramp_MAE,Model,Seed,Params,TrainingTime_s,Inference_ms_per_batch,TrainLR,TrainPatience,MinEpochs,BestEpoch,Dataset
8162.137534733635,90.34454900398605,65.05822686074198,5.356690422092289,5.868030092785151,21.61713457151279,DLinear,0,4656,29.367784900001425,0.3272200010542292,0.0003,12,15,14,Kaggle nat_demand
8287.716046188385,91.03689387379374,66.25568399842341,5.465884736310792,5.90098411389556,20.35615311739519,DLinear,42,4656,36.920717299999524,0.7831999995687511,0.0003,12,15,23,Kaggle nat_demand
8387.92854849258,91.5856350553545,66.95953608742833,5.527941699646691,5.972998596551907,20.318467995042504,DLinear,123,4656,33.579559300000255,0.409399999625748,0.0003,12,15,22,Kaggle nat_demand
8177.388469783796,90.42891390359499,65.29612745536224,5.39118924602165,5.889543709180669,21.152437357297067,DLinear,456,4656,29.259214099998644,0.4649799993785564,0.0003,12,15,15,Kaggle nat_demand
8085.490101145979,89.91935331810376,64.3821331943028,5.304128860152709,5.838753951219232,22.478823716297704,DLinear,789,4656,26.28257940000185,0.3239199999370612,0.0003,12,15,12,Kaggle nat_demand
